[
{
  "model": "store.category",
  "pk": 4,
  "fields": {
    "name": "–Э–∞—Б—В–Њ–ї—М–љ—Л–µ –Є–≥—А—Л",
    "description": "–Ш–≥—А—Л –і–ї—П —Б–µ–Љ—М–Є"
  }
},
{
  "model": "store.category",
  "pk": 5,
  "fields": {
    "name": "–Я–ї—О—И–µ–≤—Л–µ –Є–≥—А—Г—И–Ї–Є",
    "description": "–Ь—П–≥–Ї–Є–µ –Є–≥—А—Г—И–Ї–Є"
  }
},
{
  "model": "store.category",
  "pk": 6,
  "fields": {
    "name": "–†–∞–Ј–≤–Є–≤–∞—О—Й–Є–µ –Є–≥—А—Г—И–Ї–Є",
    "description": "–Ф–ї—П –і–Њ—И–Ї–Њ–ї—М–љ–Є–Ї–Њ–≤"
  }
},
{
  "model": "store.category",
  "pk": 7,
  "fields": {
    "name": "–§–Є–≥—Г—А–Ї–Є",
    "description": "Playmobil –Є –і—А—Г–≥–Є–µ"
  }
},
{
  "model": "store.category",
  "pk": 8,
  "fields": {
    "name": "–Ю—А—Г–ґ–Є–µ",
    "description": "–Ш–≥—А—Г—И–µ—З–љ–Њ–µ –Њ—А—Г–ґ–Є–µ"
  }
},
{
  "model": "store.category",
  "pk": 9,
  "fields": {
    "name": "–Ґ–≤–Њ—А—З–µ—Б—В–≤–Њ",
    "description": "–Э–∞–±–Њ—А—Л –і–ї—П —В–≤–Њ—А—З–µ—Б—В–≤–∞"
  }
},
{
  "model": "store.category",
  "pk": 10,
  "fields": {
    "name": "–Ф–ї—П –Љ–∞–ї—Л—И–µ–є",
    "description": "–Ш–≥—А—Г—И–Ї–Є 0-3 –≥–Њ–і–∞"
  }
},
{
  "model": "store.category",
  "pk": 12,
  "fields": {
    "name": "–Ъ–Њ–љ—Б—В—А—Г–Ї—В–Њ—А—Л",
    "description": "LEGO –Є –∞–љ–∞–ї–Њ–≥–Є"
  }
},
{
  "model": "store.category",
  "pk": 13,
  "fields": {
    "name": "–Ъ—Г–Ї–ї—Л",
    "description": "–Ъ—Г–Ї–ї—Л –Є –∞–Ї—Б–µ—Б—Б—Г–∞—А—Л"
  }
},
{
  "model": "store.category",
  "pk": 14,
  "fields": {
    "name": "–Ь–∞—И–Є–љ–Ї–Є",
    "description": "–Ш–≥—А—Г—И–µ—З–љ—Л–µ –∞–≤—В–Њ–Љ–Њ–±–Є–ї–Є"
  }
},
{
  "model": "store.manufacturer",
  "pk": 1,
  "fields": {
    "name": "LEGO",
    "country": "–Ф–∞–љ–Є—П",
    "description": "–Ъ–Њ–љ—Б—В—А—Г–Ї—В–Њ—А—Л"
  }
},
{
  "model": "store.manufacturer",
  "pk": 2,
  "fields": {
    "name": "Mattel",
    "country": "–°–®–Р",
    "description": "–Ш–≥—А—Г—И–Ї–Є Barbie"
  }
},
{
  "model": "store.manufacturer",
  "pk": 3,
  "fields": {
    "name": "Hasbro",
    "country": "–°–®–Р",
    "description": "–Ш–≥—А—Г—И–Ї–Є –Є –Є–≥—А—Л"
  }
},
{
  "model": "store.manufacturer",
  "pk": 4,
  "fields": {
    "name": "Playmobil",
    "country": "–У–µ—А–Љ–∞–љ–Є—П",
    "description": "–§–Є–≥—Г—А–Ї–Є"
  }
},
{
  "model": "store.manufacturer",
  "pk": 5,
  "fields": {
    "name": "Fisher-Price",
    "country": "–°–®–Р",
    "description": "–Ш–≥—А—Г—И–Ї–Є –і–ї—П –Љ–∞–ї—Л—И–µ–є"
  }
},
{
  "model": "store.manufacturer",
  "pk": 6,
  "fields": {
    "name": "LEGO",
    "country": "–Ф–∞–љ–Є—П",
    "description": "–Ш–Ј–≤–µ—Б—В–љ—Л–є –±—А–µ–љ–і"
  }
},
{
  "model": "store.product",
  "pk": 5,
  "fields": {
    "name": "Monopoly –Ъ–ї–∞—Б—Б–Є—З–µ—Б–Ї–∞—П",
    "description": "–Э–∞—Б—В–Њ–ї—М–љ–∞—П –Є–≥—А–∞",
    "photo": "",
    "price": "29.99",
    "stock_quantity": 20,
    "category": 4,
    "manufacturer": 3
  }
},
{
  "model": "store.product",
  "pk": 6,
  "fields": {
    "name": "–Я–ї—О—И–µ–≤—Л–є –Љ–Є—И–Ї–∞",
    "description": "–С–Њ–ї—М—И–Њ–є –Љ–µ–і–≤–µ–і—М 50—Б–Љ",
    "photo": "",
    "price": "39.99",
    "stock_quantity": 18,
    "category": 5,
    "manufacturer": 5
  }
},
{
  "model": "store.product",
  "pk": 9,
  "fields": {
    "name": "Playmobil –Ч–∞–Љ–Њ–Ї",
    "description": "–°—А–µ–і–љ–µ–≤–µ–Ї–Њ–≤—Л–є –Ј–∞–Љ–Њ–Ї",
    "photo": "",
    "price": "89.99",
    "stock_quantity": 8,
    "category": 7,
    "manufacturer": 4
  }
},
{
  "model": "store.product",
  "pk": 14,
  "fields": {
    "name": "–Ь—П—З —Д—Г—В–±–Њ–ї—М–љ—Л–є",
    "description": "–Ф–µ—В—Б–Ї–Є–є —Д—Г—В–±–Њ–ї—М–љ—Л–є –Љ—П—З",
    "photo": "",
    "price": "14.99",
    "stock_quantity": 50,
    "category": 8,
    "manufacturer": 5
  }
},
{
  "model": "store.product",
  "pk": 15,
  "fields": {
    "name": "–Я–∞–Ј–ї 1000 –і–µ—В–∞–ї–µ–є",
    "description": "–С–Њ–ї—М—И–Њ–є –њ–∞–Ј–ї",
    "photo": "",
    "price": "16.99",
    "stock_quantity": 35,
    "category": 9,
    "manufacturer": 5
  }
},
{
  "model": "store.product",
  "pk": 18,
  "fields": {
    "name": "Playmobil –§–µ—А–Љ–∞",
    "description": "–Э–∞–±–Њ—А —Д–µ—А–Љ—Л",
    "photo": "",
    "price": "69.99",
    "stock_quantity": 11,
    "category": 7,
    "manufacturer": 4
  }
},
{
  "model": "store.product",
  "pk": 19,
  "fields": {
    "name": "–Ъ–Њ–љ—Б—В—А—Г–Ї—В–Њ—А –Љ–∞–≥–љ–Є—В–љ—Л–є",
    "description": "Magformers 50 –і–µ—В–∞–ї–µ–є",
    "photo": "",
    "price": "54.99",
    "stock_quantity": 16,
    "category": 6,
    "manufacturer": 5
  }
},
{
  "model": "store.product",
  "pk": 20,
  "fields": {
    "name": "–Ь—П–≥–Ї–∞—П –Є–≥—А—Г—И–Ї–∞ –Ј–∞—П—Ж",
    "description": "–Я–ї—О—И–µ–≤—Л–є –Ј–∞—П—Ж",
    "photo": "",
    "price": "24.99",
    "stock_quantity": 30,
    "category": 5,
    "manufacturer": 5
  }
},
{
  "model": "store.product",
  "pk": 21,
  "fields": {
    "name": "LEGO Duplo –Я–∞—А–Њ–≤–Њ–Ј",
    "description": "–Ф–ї—П –Љ–∞–ї—Л—И–µ–є",
    "photo": "",
    "price": "44.99",
    "stock_quantity": 20,
    "category": 10,
    "manufacturer": 5
  }
},
{
  "model": "store.product",
  "pk": 24,
  "fields": {
    "name": "–Э–∞—Б—В–Њ–ї—М–љ–∞—П –Є–≥—А–∞ –£–љ–Њ",
    "description": "–Ъ–∞—А—В–Њ—З–љ–∞—П –Є–≥—А–∞",
    "photo": "",
    "price": "12.99",
    "stock_quantity": 60,
    "category": 4,
    "manufacturer": 3
  }
},
{
  "model": "store.product",
  "pk": 27,
  "fields": {
    "name": "Playmobil –Я–Њ–ї–Є—Ж–Є—П",
    "description": "–Я–Њ–ї–Є—Ж–µ–є—Б–Ї–Є–є —Г—З–∞—Б—В–Њ–Ї",
    "photo": "",
    "price": "54.99",
    "stock_quantity": 10,
    "category": 7,
    "manufacturer": 4
  }
},
{
  "model": "store.product",
  "pk": 28,
  "fields": {
    "name": "–Ъ–Њ–љ—Б—В—А—Г–Ї—В–Њ—А –і–µ—А–µ–≤—П–љ–љ—Л–є",
    "description": "–Ф–µ—А–µ–≤—П–љ–љ—Л–µ –Ї—Г–±–Є–Ї–Є",
    "photo": "",
    "price": "27.99",
    "stock_quantity": 25,
    "category": 6,
    "manufacturer": 5
  }
},
{
  "model": "store.product",
  "pk": 29,
  "fields": {
    "name": "–Я–ї—О—И–µ–≤—Л–є –µ–і–Є–љ–Њ—А–Њ–≥",
    "description": "–†–∞–і—Г–ґ–љ—Л–є –µ–і–Є–љ–Њ—А–Њ–≥",
    "photo": "",
    "price": "32.99",
    "stock_quantity": 20,
    "category": 5,
    "manufacturer": 5
  }
},
{
  "model": "store.product",
  "pk": 33,
  "fields": {
    "name": "–Э–∞—Б—В–Њ–ї—М–љ–∞—П –Є–≥—А–∞ –Ф–ґ–∞–љ–≥–∞",
    "description": "–С–∞—И–љ—П –Є–Ј –±—А—Г—Б–Њ—З–Ї–Њ–≤",
    "photo": "",
    "price": "18.99",
    "stock_quantity": 33,
    "category": 4,
    "manufacturer": 3
  }
},
{
  "model": "store.product",
  "pk": 34,
  "fields": {
    "name": "Playmobil –Я–Є—А–∞—В—Л",
    "description": "–Я–Є—А–∞—В—Б–Ї–Є–є –Ї–Њ—А–∞–±–ї—М",
    "photo": "",
    "price": "79.99",
    "stock_quantity": 9,
    "category": 7,
    "manufacturer": 4
  }
},
{
  "model": "auth.user",
  "pk": 1,
  "fields": {
    "password": "pbkdf2_sha256$1200000$cP7m0Km1ERcUde8pQNXao3$wcj87vjjM2LSGEZqK8wX8vfwEBTMXVXhsmVtABRu3EA=",
    "last_login": null,
    "is_superuser": false,
    "username": "user1",
    "first_name": "",
    "last_name": "",
    "email": "user1@example.com",
    "is_staff": false,
    "is_active": true,
    "date_joined": "2026-06-04T22:24:41.635Z",
    "groups": [],
    "user_permissions": []
  }
},
{
  "model": "auth.user",
  "pk": 2,
  "fields": {
    "password": "pbkdf2_sha256$1200000$703yYd22EZSTg3PeAYs5WA$LF7HxKOO/Pbd6cKNdPWjZnesoJuMjeBNhiV0YGJdWYk=",
    "last_login": null,
    "is_superuser": false,
    "username": "user2",
    "first_name": "",
    "last_name": "",
    "email": "user2@example.com",
    "is_staff": false,
    "is_active": true,
    "date_joined": "2026-06-04T22:24:42.063Z",
    "groups": [],
    "user_permissions": []
  }
},
{
  "model": "auth.user",
  "pk": 3,
  "fields": {
    "password": "pbkdf2_sha256$1200000$HNVU4ukPrrABhdiHxClP0h$j6hQDD+DLf7KXBXBgCKEE87ENQb89wVGsbYtxRsGWoo=",
    "last_login": null,
    "is_superuser": false,
    "username": "user3",
    "first_name": "",
    "last_name": "",
    "email": "user3@example.com",
    "is_staff": false,
    "is_active": true,
    "date_joined": "2026-06-04T22:24:42.502Z",
    "groups": [],
    "user_permissions": []
  }
},
{
  "model": "auth.user",
  "pk": 4,
  "fields": {
    "password": "pbkdf2_sha256$1200000$YgtK2lEfgOAwNzdMABMM2Z$v+H3Xg56emjDjnKrOf3NXHodS1BZBJjJ6mb7aQMEIMs=",
    "last_login": null,
    "is_superuser": false,
    "username": "user4",
    "first_name": "",
    "last_name": "",
    "email": "user4@example.com",
    "is_staff": false,
    "is_active": true,
    "date_joined": "2026-06-04T22:24:42.940Z",
    "groups": [],
    "user_permissions": []
  }
},
{
  "model": "auth.user",
  "pk": 5,
  "fields": {
    "password": "pbkdf2_sha256$1200000$urz76LfSC1aQNVw4Ft8hUD$BJ81KIyLWLoxFMLBFcWvaq4tMJ/clT3C7byD7lMZ6+E=",
    "last_login": null,
    "is_superuser": false,
    "username": "user5",
    "first_name": "",
    "last_name": "",
    "email": "user5@example.com",
    "is_staff": false,
    "is_active": true,
    "date_joined": "2026-06-04T22:24:43.374Z",
    "groups": [],
    "user_permissions": []
  }
},
{
  "model": "auth.user",
  "pk": 6,
  "fields": {
    "password": "pbkdf2_sha256$1200000$N7ME2h0GM4BfstKEDqeN9M$EqY77aCaCCoaPhaLE0P/7rR8HGE/LW0eZN2syiyHQgs=",
    "last_login": "2026-06-25T02:43:50.815Z",
    "is_superuser": true,
    "username": "admin",
    "first_name": "",
    "last_name": "",
    "email": "",
    "is_staff": true,
    "is_active": true,
    "date_joined": "2026-06-04T22:25:18.146Z",
    "groups": [],
    "user_permissions": []
  }
},
{
  "model": "auth.user",
  "pk": 7,
  "fields": {
    "password": "pbkdf2_sha256$1200000$3Bkq3cVNmEm9x9IxM1sPo7$olPXDrbPv4WJw8xvaGiLR8FmDzEEd6TeTOz7SsMfXss=",
    "last_login": "2026-06-04T22:52:12.460Z",
    "is_superuser": false,
    "username": "lelele",
    "first_name": "",
    "last_name": "",
    "email": "",
    "is_staff": false,
    "is_active": true,
    "date_joined": "2026-06-04T22:52:12.026Z",
    "groups": [],
    "user_permissions": []
  }
},
{
  "model": "auth.user",
  "pk": 8,
  "fields": {
    "password": "pbkdf2_sha256$1200000$9Muk8DVZrQEDLq3vDCgDWj$14ma1Eq7tHhH8EUKLWQafphBKHg8Z88AWvKENcOgWl4=",
    "last_login": "2026-06-24T21:06:12.987Z",
    "is_superuser": false,
    "username": "nasstyar",
    "first_name": "",
    "last_name": "",
    "email": "",
    "is_staff": false,
    "is_active": true,
    "date_joined": "2026-06-24T20:54:09.006Z",
    "groups": [],
    "user_permissions": []
  }
},
{
  "model": "auth.user",
  "pk": 9,
  "fields": {
    "password": "pbkdf2_sha256$1200000$7MigRgGz9od41RheYZK9Yb$1MXpq4OU7u+hCPRAGNXGhpwS0cZW33lACiXAd46gh4g=",
    "last_login": "2026-06-25T02:47:34.890Z",
    "is_superuser": false,
    "username": "lol",
    "first_name": "",
    "last_name": "",
    "email": "",
    "is_staff": false,
    "is_active": true,
    "date_joined": "2026-06-24T21:09:47.041Z",
    "groups": [],
    "user_permissions": []
  }
}
]
